Feature,ScaledEffect,Place
HNO3,1.116014104679964,CM
H2SO4,5.600290942724612,CM
H2SO4O3,-0.5596116398047417,CM
HNO3O3,-1.3542755689408266,CM
O3hv,0.7253716829408682,CM
K,-0.8785559550479061,CM
hv,-0.5300215885176195,CM
HNO3,0.5422588519460235,JH
H2SO4,0.3218439235734154,JH
H2SO4O3,0.0379486742484851,JH
HNO3O3,0.3452627651196689,JH
O3hv,-0.0802561052654352,JH
K,2.5121218997455315,JH
hv,0.1444854477287578,JH
