Place,beta_max,CS0,K_env_max
CM,1.1201985502,2.4669359935,1.1201985502
JH,1.2684323477000001,6.301677121,1.2684323477000001
