Place,feature,abs_mean_shap
CM,O3,0.0527293514736403
CM,SO2,0.0353313115707258
CM,J,0.0316108125342109
CM,Temperature,0.0236779492528251
CM,RH,0.0182324709078513
CM,NOx,0.0166649138732564
JH,Temperature,0.030253377012628
JH,J,0.0231616952771526
JH,O3,0.02114927434298
JH,RH,0.0189558019926494
JH,NOx,0.0170992870353565
JH,SO2,0.008159647585663
